Company,Sector,MarketCap,EPS,PE_Ratio
SCB,Banking,1726368800,38.14,15.05
NICA,Banking,2408586076,42.77,13.89
NTC,Telecom,1729599059,56.15,15.94
NABIL,Banking,1503269835,36.93,17.64
SCB,Banking,2327270295,58.31,24.57
NICA,Banking,2267519474,48.68,19.01
NTC,Telecom,1372724877,30.75,10.59
SCB,Banking,1412070209,55.14,17.83
NABIL,Banking,1345414835,37.41,24.04
SCB,Banking,1619220526,42.48,18.77
SCB,Banking,1570664373,59.59,14.66
NTC,Telecom,1259094970,56.42,12.31
NABIL,Banking,1758198395,49.99,16.16
NTC,Telecom,2199943977,44.23,14.55
SCB,Banking,2042918270,44.82,21.65
HBL,Banking,2307089844,59.4,20.38
SCB,Banking,2230914676,38.17,19.1
NTC,Telecom,1258926492,59.37,10.71
HBL,Banking,2066285574,34.91,19.36
NICA,Banking,1675682903,48.68,22.17
NABIL,Banking,2213938692,58.53,22.48
NTC,Telecom,1818882677,46.04,16.79
NTC,Telecom,2119795159,56.24,18.85
SCB,Banking,2292415071,38.93,15.98
NTC,Telecom,1682567098,58.98,10.41
HBL,Banking,2098399215,33.11,17.67
NTC,Telecom,1263360622,43.93,24.88
NABIL,Banking,2052000209,55.32,21.38
NABIL,Banking,2213920281,42.45,24.82
NICA,Banking,2198446192,54.09,22.78
HBL,Banking,1995329035,51.1,16.44
HBL,Banking,2279208537,52.45,11.77
NABIL,Banking,1512517595,37.92,13.29
NABIL,Banking,1334397853,49.07,10.08
SCB,Banking,2251690462,51.45,10.96
SCB,Banking,2064116581,35.01,11.99
NICA,Banking,1368264474,35.31,19.69
HBL,Banking,1239132208,46.94,14.36
NTC,Telecom,1949030134,47.28,20.32
SCB,Banking,2005792405,46.17,13.22
HBL,Banking,1606104491,32.28,19.33
NTC,Telecom,1386426913,36.84,11.02
HBL,Banking,2209562556,32.33,11.73
NTC,Telecom,2466478839,58.6,10.83
HBL,Banking,1407911808,51.11,13.2
NABIL,Banking,1302708835,35.84,16.19
NTC,Telecom,1485898356,37.96,12.86
SCB,Banking,2440312751,58.98,16.46
HBL,Banking,2168423724,47.49,12.86
NICA,Banking,2164119485,48.97,20.08
NTC,Telecom,1788901645,30.55,19.66
NABIL,Banking,1644667024,42.97,23.18
SCB,Banking,1653908885,36.81,21.47
NICA,Banking,2145598484,40.43,20.3
NABIL,Banking,1728491119,52.82,18.47
HBL,Banking,2074103010,37.89,14.09
SCB,Banking,1524805501,58.12,16.85
SCB,Banking,2178903686,50.26,23.24
NICA,Banking,1970918580,48.63,22.47
HBL,Banking,1953805753,33.73,15.55
NICA,Banking,2304667815,32.82,12.61
NICA,Banking,1590593991,59.15,15.9
NTC,Telecom,2097109911,41.0,18.15
NICA,Banking,1706793233,30.55,10.61
NABIL,Banking,1347919277,33.07,12.97
NICA,Banking,2087382160,56.86,16.69
HBL,Banking,1677002102,41.17,24.87
HBL,Banking,1243141393,41.09,17.68
HBL,Banking,2321410989,38.91,16.29
NICA,Banking,2494431956,38.04,14.13
HBL,Banking,1941528065,30.23,18.9
NTC,Telecom,1860908366,58.51,22.72
HBL,Banking,2178700337,48.33,12.25
NICA,Banking,1421996842,58.55,19.3
HBL,Banking,2051775743,44.28,17.2
SCB,Banking,1638377043,30.02,19.69
SCB,Banking,1976667636,32.66,10.97
SCB,Banking,1665397912,37.16,13.64
NTC,Telecom,1833268994,48.22,19.98
SCB,Banking,1411247149,52.67,13.05
SCB,Banking,1297975801,48.12,20.83
SCB,Banking,2054642042,30.42,20.5
NABIL,Banking,1522858008,43.92,19.84
HBL,Banking,1510200251,56.55,12.29
NTC,Telecom,2314036808,52.29,21.91
SCB,Banking,1435664864,53.54,16.92
NABIL,Banking,2019615010,56.44,23.49
NTC,Telecom,1580781383,38.75,19.31
NTC,Telecom,1971767956,55.79,16.84
NICA,Banking,2053019197,49.48,11.36
NABIL,Banking,1543924223,45.78,15.85
NABIL,Banking,1614998509,58.23,19.6
NICA,Banking,1899855547,59.9,18.23
NABIL,Banking,2258668726,53.12,20.16
SCB,Banking,1441788356,39.22,18.18
NTC,Telecom,1450599954,36.78,12.8
NICA,Banking,1870449118,46.48,18.48
SCB,Banking,1359460980,32.63,17.73
NABIL,Banking,2118419702,50.87,10.8
NICA,Banking,1416662666,48.17,15.19
SCB,Banking,1767644215,46.27,22.32
HBL,Banking,1676719907,30.25,14.23
HBL,Banking,2486342290,45.86,13.13
NTC,Telecom,2450332525,38.38,24.9
NABIL,Banking,1598057588,47.86,22.66
NICA,Banking,1570925681,52.22,23.7
HBL,Banking,2327255960,46.74,10.41
NTC,Telecom,1349172828,54.86,20.69
NICA,Banking,2270064239,58.69,20.43
HBL,Banking,2474367294,40.05,21.33
NABIL,Banking,2103915919,37.79,15.29
NTC,Telecom,1398810114,32.71,10.59
NICA,Banking,2331491959,42.66,24.56
NABIL,Banking,2076133478,39.65,22.27
NTC,Telecom,1490543813,31.94,13.86
HBL,Banking,1268787134,52.48,23.83
NICA,Banking,1704825458,36.53,11.02
NTC,Telecom,1716780199,32.39,11.44
HBL,Banking,1316007536,53.92,21.45
NTC,Telecom,1863908208,40.17,11.32
NABIL,Banking,2203872155,55.85,24.18
HBL,Banking,1439328912,35.06,14.91
NTC,Telecom,1311782689,37.65,22.44
HBL,Banking,1929885994,43.45,12.48
HBL,Banking,1299148612,36.72,12.12
NICA,Banking,2427545410,48.23,19.88
NABIL,Banking,2176647142,45.63,22.01
NICA,Banking,2457696110,53.88,13.11
NICA,Banking,2161315945,41.39,11.36
HBL,Banking,1442341924,59.41,19.85
SCB,Banking,1308095107,55.87,18.77
SCB,Banking,1286093202,59.87,23.38
NTC,Telecom,1723817025,48.0,23.62
HBL,Banking,2377635355,50.68,11.36
NTC,Telecom,2259698372,51.2,20.4
NABIL,Banking,1445576572,58.11,22.45
NICA,Banking,2082661552,37.04,13.34
NABIL,Banking,1769420495,59.16,22.72
NTC,Telecom,1452642129,56.09,20.29
NICA,Banking,2234424789,54.24,11.8
NABIL,Banking,1620476144,57.8,19.47
NICA,Banking,2003144326,57.83,18.27
SCB,Banking,1463881912,36.65,15.94
NICA,Banking,1846259225,44.44,18.44
NTC,Telecom,1930455460,48.39,17.26
NICA,Banking,1677924657,33.64,10.02
HBL,Banking,1398374003,52.17,12.3
HBL,Banking,1691758359,49.6,24.14
NABIL,Banking,1711424348,40.06,15.8
NICA,Banking,2197586164,58.84,17.81
SCB,Banking,1612200091,50.66,16.85
SCB,Banking,2163808081,40.47,12.33
NABIL,Banking,2255552025,36.57,12.93
NTC,Telecom,2082948805,59.67,20.61
NTC,Telecom,1971864041,43.08,24.72
NTC,Telecom,2198978536,54.71,23.6
NTC,Telecom,2213438731,50.51,18.45
NICA,Banking,1863448867,38.33,19.13
NTC,Telecom,2476536957,37.38,18.73
HBL,Banking,1920422602,38.33,12.21
NICA,Banking,2395835561,48.87,20.12
NTC,Telecom,1999016468,38.17,23.62
SCB,Banking,2225709377,47.86,12.31
HBL,Banking,1486051882,39.39,14.05
NTC,Telecom,2481533266,58.44,24.06
NTC,Telecom,1704516960,37.19,18.68
NICA,Banking,1306017652,42.24,18.08
NABIL,Banking,1731497156,41.99,21.82
NTC,Telecom,1948803592,36.57,23.85
HBL,Banking,1239351725,47.44,23.64
NTC,Telecom,1257522842,44.7,19.12
NABIL,Banking,1442250397,32.63,21.01
NABIL,Banking,2415312309,51.39,21.18
NICA,Banking,1966606313,41.16,13.57
NABIL,Banking,2460382484,59.83,18.1
HBL,Banking,1398776296,41.62,22.51
NTC,Telecom,2005220952,34.66,19.64
NTC,Telecom,1679464281,42.23,16.72
SCB,Banking,1418115103,31.89,13.21
NTC,Telecom,1404109269,49.2,15.3
NTC,Telecom,1325220653,50.04,21.45
SCB,Banking,2455487514,34.6,14.01
SCB,Banking,1292418871,33.57,12.94
NICA,Banking,2189699135,34.78,23.57
NABIL,Banking,2269022695,39.12,12.55
NICA,Banking,1383043378,30.1,24.59
NTC,Telecom,1510261455,47.69,12.49
NICA,Banking,1925906654,52.12,10.85
NABIL,Banking,2219079119,38.1,16.98
NICA,Banking,1902081810,43.42,16.51
NABIL,Banking,1330232075,43.88,23.92
SCB,Banking,1598019706,43.03,23.35
NTC,Telecom,2009916821,50.67,23.33
NABIL,Banking,1941044528,35.83,15.78
HBL,Banking,1611675001,39.43,23.12
NABIL,Banking,2144011162,52.96,24.59
SCB,Banking,1825707252,38.74,19.59
SCB,Banking,2357310499,37.06,24.78
NTC,Telecom,2384662255,34.82,23.25
NABIL,Banking,1920565469,39.37,13.35
NTC,Telecom,2046968389,46.92,20.45
NABIL,Banking,2020440107,32.15,19.05
NICA,Banking,1904970102,59.81,22.86
HBL,Banking,1350770918,50.53,21.52
HBL,Banking,2174633559,47.34,12.15
NABIL,Banking,1249540514,56.94,20.82
HBL,Banking,2093673422,48.46,13.18
NICA,Banking,2417946028,56.17,20.71
NTC,Telecom,1393038533,47.27,19.46
HBL,Banking,1931328857,30.25,24.82
NABIL,Banking,1372086825,43.95,13.35
NICA,Banking,1330887575,59.17,19.77
HBL,Banking,2154943822,58.73,24.92
NTC,Telecom,2053151280,34.54,12.5
SCB,Banking,2133164385,48.01,12.18
NABIL,Banking,2140639933,44.55,20.08
NTC,Telecom,1698086133,59.3,18.71
NICA,Banking,2152879159,48.22,18.04
NABIL,Banking,1954284722,38.87,14.56
NTC,Telecom,1354213971,33.68,18.11
SCB,Banking,1560962819,59.3,11.79
SCB,Banking,1722522074,34.65,14.04
NTC,Telecom,2389070246,52.35,24.45
NABIL,Banking,1498561598,42.96,18.59
SCB,Banking,1998946113,32.02,19.95
SCB,Banking,1914977254,51.17,21.38
NTC,Telecom,1254983828,33.19,14.51
NICA,Banking,1684818925,36.75,24.86
HBL,Banking,2448697778,36.45,19.35
NABIL,Banking,1996974263,40.55,20.39
HBL,Banking,2392012401,57.77,11.52
SCB,Banking,2181495383,34.57,20.27
SCB,Banking,1212982465,39.15,23.69
NICA,Banking,1434917183,32.47,15.67
NTC,Telecom,1467513950,32.18,15.98
SCB,Banking,2185451004,30.97,14.16
HBL,Banking,1737483358,47.41,16.88
HBL,Banking,1330705728,41.91,10.46
NTC,Telecom,2495117069,59.04,24.82
NABIL,Banking,1958439095,39.72,22.24
HBL,Banking,1528645263,40.28,14.67
SCB,Banking,2479128320,50.3,19.25
NICA,Banking,2099072653,33.13,10.93
HBL,Banking,1430980052,57.11,24.22
NICA,Banking,2244017724,54.99,23.86
NTC,Telecom,1473705387,40.17,16.16
SCB,Banking,1408314869,56.68,12.7
NTC,Telecom,2195570633,49.8,17.35
NABIL,Banking,2124725578,33.92,10.5
NICA,Banking,1437728595,44.41,21.78
NABIL,Banking,1655331035,58.97,11.39
NICA,Banking,2085843880,53.68,15.9
SCB,Banking,1870870812,33.62,14.49
NTC,Telecom,1911773678,40.4,13.0
HBL,Banking,1825069382,48.43,23.86
NICA,Banking,1774578722,45.24,21.94
HBL,Banking,1378665912,36.5,13.72
NABIL,Banking,1695596472,33.64,13.72
NTC,Telecom,1737414491,37.29,12.33
SCB,Banking,2351017503,39.42,11.57
NICA,Banking,1251039708,55.23,19.87
HBL,Banking,1756902126,59.52,20.22
NABIL,Banking,2153101537,33.38,17.23
HBL,Banking,2111923774,34.3,19.19
NABIL,Banking,1253922093,57.14,13.57
NABIL,Banking,1934939503,53.29,20.83
NICA,Banking,1620131742,47.62,23.7
NICA,Banking,2011080308,46.5,24.67
NICA,Banking,1700122694,56.43,23.46
NTC,Telecom,1444888199,38.19,19.01
HBL,Banking,1363602595,56.54,17.54
NTC,Telecom,2005216306,33.66,13.99
NICA,Banking,2041549520,56.23,18.9
NICA,Banking,1283856906,38.56,20.31
NABIL,Banking,2029803314,32.55,17.13
NICA,Banking,1375464732,46.6,13.74
SCB,Banking,2085755927,44.13,10.81
NTC,Telecom,2070354542,59.18,21.92
HBL,Banking,1857645184,42.62,21.28
NICA,Banking,1356781421,55.91,11.02
NTC,Telecom,1783216904,37.56,22.62
NICA,Banking,1379800169,47.36,21.33
NTC,Telecom,1596647497,39.84,18.14
HBL,Banking,1730628350,42.64,24.75
NICA,Banking,1236639364,40.08,23.62
HBL,Banking,2119014804,36.91,12.9
NTC,Telecom,1588296780,40.12,22.39
HBL,Banking,1246654551,42.43,13.26
NICA,Banking,2324745250,37.57,17.03
SCB,Banking,2454800163,58.22,19.2
HBL,Banking,2441224203,35.57,13.28
SCB,Banking,1743401663,38.34,21.3
NICA,Banking,1751944059,54.68,19.09
NTC,Telecom,2065169476,56.33,12.84
NICA,Banking,1703885855,35.53,20.61
SCB,Banking,1533863755,37.05,14.43
NTC,Telecom,2123012474,49.23,15.9
NABIL,Banking,2370981294,47.29,19.7
NICA,Banking,1574931766,40.82,12.81
NICA,Banking,1821432642,47.51,13.95
SCB,Banking,1599720873,51.63,14.17
HBL,Banking,1357451985,51.77,13.35
NICA,Banking,2253187812,33.82,10.46
HBL,Banking,1748978075,53.14,23.84
HBL,Banking,2468432702,59.96,12.26
SCB,Banking,1922828239,54.0,11.87
NTC,Telecom,1724239491,57.71,17.4
NTC,Telecom,2287222219,50.82,20.12
NICA,Banking,2069277315,49.37,14.93
NTC,Telecom,1416963611,38.15,10.59
NICA,Banking,2352254411,34.29,15.91
HBL,Banking,1948145092,59.06,13.16
SCB,Banking,1666266227,46.0,13.24
HBL,Banking,2227509569,56.53,17.85
HBL,Banking,1469439669,50.54,21.22
HBL,Banking,1998616323,54.99,13.91
NABIL,Banking,2332860282,36.63,21.74
NTC,Telecom,2421630893,58.53,17.61
NICA,Banking,2125757912,58.66,22.5
NTC,Telecom,2430324946,45.18,12.91
NICA,Banking,1536010527,54.04,22.96
HBL,Banking,1883156644,43.36,17.53
NABIL,Banking,1894923650,53.14,21.51
NTC,Telecom,1864157919,39.98,16.59
SCB,Banking,2290476625,51.57,11.7
SCB,Banking,2222002690,58.96,17.4
NICA,Banking,2023089845,51.71,17.6
NICA,Banking,1952957623,50.56,22.91
SCB,Banking,1851310846,36.05,16.65
NICA,Banking,1691655582,39.47,24.43
HBL,Banking,2268288024,46.46,19.51
NABIL,Banking,1229619394,56.94,20.29
NICA,Banking,2020044736,53.14,20.96
SCB,Banking,1836783325,42.17,21.23
NABIL,Banking,2426997516,48.3,23.13
NABIL,Banking,1746028094,42.18,13.84
HBL,Banking,2416636355,30.54,16.67
NICA,Banking,2250421335,47.99,16.93
NABIL,Banking,1347707143,32.89,10.43
HBL,Banking,1353142895,52.06,19.25
NICA,Banking,1598518370,53.22,22.91
NICA,Banking,1458931045,36.24,17.96
NICA,Banking,2393828543,32.38,19.94
NICA,Banking,2264990901,34.59,23.45
HBL,Banking,2374108060,35.82,16.92
NICA,Banking,1343594328,30.24,24.75
NICA,Banking,2202466806,36.42,10.97
SCB,Banking,1893377399,32.91,14.29
NTC,Telecom,1239969838,30.23,19.23
NABIL,Banking,1993000672,37.17,11.04
NABIL,Banking,1723551502,35.62,22.32
NICA,Banking,1485942371,33.5,18.27
NICA,Banking,1481186774,58.85,18.91
NTC,Telecom,1973680398,39.24,21.59
HBL,Banking,1267514528,40.7,20.36
HBL,Banking,2093427838,36.18,16.86
HBL,Banking,1881418688,37.49,20.39
NICA,Banking,2275924998,55.61,20.56
NABIL,Banking,1248793286,54.81,18.81
HBL,Banking,1263063764,50.82,14.16
NABIL,Banking,1644862573,42.68,14.26
HBL,Banking,2303694651,33.18,21.54
SCB,Banking,1252318948,38.77,17.05
HBL,Banking,2167531158,40.0,21.95
NICA,Banking,1465717857,55.06,12.47
NICA,Banking,1316337404,52.21,20.89
NICA,Banking,1298510982,33.81,15.56
SCB,Banking,2115417435,56.47,12.53
HBL,Banking,1349869239,38.93,15.78
HBL,Banking,1364608078,59.16,20.18
NABIL,Banking,1564837331,49.17,19.17
HBL,Banking,1824802399,31.44,16.68
HBL,Banking,1881736629,34.57,14.51
HBL,Banking,1408544597,37.02,10.91
SCB,Banking,2208118805,42.58,15.34
NABIL,Banking,1867854337,46.52,19.67
SCB,Banking,1286844980,55.78,13.73
NTC,Telecom,1652669454,45.39,23.85
HBL,Banking,2124250444,33.81,13.84
NTC,Telecom,2296100774,31.13,22.3
HBL,Banking,1376809188,38.99,13.19
HBL,Banking,1547830945,40.58,20.2
NICA,Banking,1589490586,46.93,15.91
NICA,Banking,2475216741,48.59,17.47
NTC,Telecom,1364067046,56.84,21.94
NTC,Telecom,1290089898,47.06,22.79
NICA,Banking,1932173857,55.87,20.07
SCB,Banking,1526299880,53.61,11.38
HBL,Banking,1576735030,35.41,12.59
NTC,Telecom,1212170193,35.82,23.81
HBL,Banking,1747665210,36.4,16.97
NICA,Banking,2488024073,38.69,15.14
SCB,Banking,1917870157,50.75,10.94
HBL,Banking,1310123008,52.91,16.37
NICA,Banking,1625642081,52.96,11.07
NABIL,Banking,1246115710,40.56,20.09
SCB,Banking,1266382866,36.02,24.37
NTC,Telecom,2372249331,30.62,23.59
HBL,Banking,1873733568,45.24,11.53
NTC,Telecom,1990560681,59.77,11.38
NICA,Banking,1331642682,33.26,16.7
SCB,Banking,1755815952,47.26,23.25
NABIL,Banking,1854563665,45.69,20.77
SCB,Banking,2276150074,55.68,13.37
SCB,Banking,2199951518,44.0,17.73
NICA,Banking,2084571504,54.48,16.37
NTC,Telecom,1272771015,34.92,17.89
NABIL,Banking,1855037775,39.57,13.57
NTC,Telecom,2254190563,39.15,20.56
HBL,Banking,2280787603,52.88,19.17
NTC,Telecom,1646932061,50.28,13.15
NABIL,Banking,1278955388,57.08,11.48
SCB,Banking,2141759075,58.89,24.2
NTC,Telecom,1783769990,57.29,16.07
NICA,Banking,1420075041,51.95,11.23
NABIL,Banking,1909008765,54.79,12.94
SCB,Banking,1926158642,37.51,10.02
HBL,Banking,2293726812,58.25,18.06
NABIL,Banking,2053701441,41.29,22.9
SCB,Banking,1971766061,50.65,16.46
NTC,Telecom,1694590446,52.86,13.27
SCB,Banking,1412473601,54.61,22.16
NTC,Telecom,2080187406,51.61,12.99
NABIL,Banking,1741561537,31.62,10.66
NABIL,Banking,2246931437,35.0,19.23
SCB,Banking,1207727251,44.9,14.57
NABIL,Banking,1863502469,43.16,16.88
NTC,Telecom,1233102437,51.97,19.4
HBL,Banking,1419446659,51.21,16.7
NTC,Telecom,2151295320,47.88,23.95
NICA,Banking,2117331355,43.45,21.03
NABIL,Banking,1870981529,46.95,21.62
SCB,Banking,2198833137,34.66,21.26
SCB,Banking,1504216523,38.97,15.24
NTC,Telecom,2490161882,44.29,19.58
SCB,Banking,1975161358,56.79,12.85
NTC,Telecom,1200880271,59.28,20.93
HBL,Banking,2241194024,58.98,15.76
NABIL,Banking,2491478015,39.67,18.54
NTC,Telecom,1844024678,53.68,12.76
NABIL,Banking,2040581055,33.94,13.41
HBL,Banking,1363753845,37.82,22.25
SCB,Banking,2163923444,55.7,24.99
HBL,Banking,1814133910,43.71,18.23
HBL,Banking,1571637202,38.44,17.96
HBL,Banking,1540384737,43.75,20.1
NABIL,Banking,1603129680,37.04,13.03
NTC,Telecom,1835250924,59.45,14.46
HBL,Banking,1605029541,30.34,10.79
HBL,Banking,2002988871,43.5,19.54
SCB,Banking,1517168434,59.14,12.85
NTC,Telecom,1441012359,33.41,11.9
NABIL,Banking,1964955660,53.69,15.42
HBL,Banking,1664052010,52.22,20.08
HBL,Banking,1400335321,38.83,14.27
NABIL,Banking,2359041845,56.09,11.95
NABIL,Banking,1722678553,51.0,18.28
NABIL,Banking,1293689146,33.59,20.6
NICA,Banking,1406244269,49.15,19.62
NICA,Banking,1820039339,30.13,23.4
HBL,Banking,1943517640,45.99,22.43
NABIL,Banking,1978772931,58.76,10.78
HBL,Banking,2135250401,57.07,10.53
SCB,Banking,2165209127,53.15,13.87
HBL,Banking,2473849961,41.35,12.6
NICA,Banking,2172734483,55.35,10.86
NICA,Banking,2476069432,38.77,20.16
HBL,Banking,1634659924,34.49,12.71
NICA,Banking,1452802415,44.75,17.86
SCB,Banking,2071287016,42.74,14.27
HBL,Banking,1399254874,32.15,11.19
NABIL,Banking,1261517695,57.8,18.4
NTC,Telecom,1640996501,32.72,23.81
SCB,Banking,2430028138,35.44,10.05
HBL,Banking,2053652984,43.8,18.45
NICA,Banking,2477899571,54.7,15.08
SCB,Banking,1434747264,49.71,13.16
SCB,Banking,1840881345,37.83,12.83
SCB,Banking,1493714104,34.52,20.11
NTC,Telecom,1686854531,34.94,12.83
HBL,Banking,1805365489,56.05,21.88
SCB,Banking,1642629395,35.06,12.64
NTC,Telecom,1352308299,30.87,23.83
HBL,Banking,2409242498,43.95,12.61
NICA,Banking,1596427092,52.44,20.45
HBL,Banking,1541629311,59.26,15.74
SCB,Banking,1749730250,51.22,11.8
NICA,Banking,1772974302,50.49,18.4
NICA,Banking,1517429477,52.14,13.64
SCB,Banking,1575421065,44.8,16.33
NICA,Banking,2297815275,33.91,20.08
HBL,Banking,1525234518,32.54,11.8
NTC,Telecom,2214468131,31.55,19.19
HBL,Banking,1776215388,40.12,12.81
SCB,Banking,1412730288,41.29,16.68
NICA,Banking,1833448342,58.83,16.45
SCB,Banking,1679303297,51.24,14.44
NABIL,Banking,1575323668,55.75,22.08
NICA,Banking,1630159309,42.99,10.47
NTC,Telecom,2099268242,44.81,15.9
NABIL,Banking,1697458125,42.0,10.3
HBL,Banking,1683864450,56.34,22.31
HBL,Banking,2050267732,50.72,13.33
NABIL,Banking,1499705863,36.59,14.69
NICA,Banking,2227227908,54.94,17.89
NABIL,Banking,1653308564,47.85,17.13
HBL,Banking,1481662698,54.95,12.54
NTC,Telecom,1840230898,32.13,21.31
HBL,Banking,2338945622,51.94,13.97
NTC,Telecom,2342554917,38.16,24.11
HBL,Banking,2404294787,41.06,22.41
NICA,Banking,2114367703,57.97,24.53
SCB,Banking,1918141244,51.91,12.7
NTC,Telecom,2225314734,46.56,16.03
NABIL,Banking,2171860926,49.28,12.33
HBL,Banking,1356791387,59.35,13.25
NABIL,Banking,1364023581,51.3,11.09
SCB,Banking,2135906947,30.18,13.9
NICA,Banking,2445992899,38.9,11.74
HBL,Banking,1511840320,34.82,17.13
NICA,Banking,1816266561,51.37,18.71
HBL,Banking,1233818587,57.25,18.4
HBL,Banking,2041728568,55.1,23.99
NTC,Telecom,2395978512,42.67,20.21
NTC,Telecom,1344596410,50.01,17.74
HBL,Banking,1416253913,38.53,18.83
SCB,Banking,1212659508,55.43,18.03
SCB,Banking,1345735200,37.16,10.81
NICA,Banking,2033887800,33.19,12.38
NABIL,Banking,1683801203,44.07,22.02
NTC,Telecom,1789425437,59.85,20.44
NABIL,Banking,1425235967,56.89,24.81
NICA,Banking,2413877556,53.64,21.4
NABIL,Banking,1754851053,34.4,17.79
HBL,Banking,2304622315,33.13,12.92
NABIL,Banking,1718700517,51.35,14.79
HBL,Banking,2372165087,39.25,11.96
NTC,Telecom,1405959122,51.31,23.72
HBL,Banking,1869357715,34.43,13.4
NTC,Telecom,1570938719,44.64,10.28
NTC,Telecom,1711819867,36.64,20.68
HBL,Banking,1234516456,51.76,24.11
SCB,Banking,2462960779,56.52,19.94
HBL,Banking,2463603672,43.25,16.58
NTC,Telecom,2098813741,35.46,17.41
NICA,Banking,1527303110,38.46,13.15
SCB,Banking,1962469089,32.5,13.68
NABIL,Banking,1757767182,34.29,11.06
NABIL,Banking,1644789607,39.07,20.59
SCB,Banking,1463809516,44.23,22.63
HBL,Banking,1703980876,37.31,11.62
HBL,Banking,2285842625,47.73,18.61
NICA,Banking,1957500653,49.71,14.3
NTC,Telecom,1970557562,55.3,17.27
NABIL,Banking,2054724122,36.43,12.72
HBL,Banking,2499657866,58.41,21.99
NABIL,Banking,2174291275,56.56,17.65
NABIL,Banking,1552224020,54.73,18.61
HBL,Banking,1711427231,43.76,14.83
NTC,Telecom,2316488654,35.65,15.85
NABIL,Banking,2081233673,46.41,23.87
NICA,Banking,2068897815,48.06,12.25
NICA,Banking,2296408371,55.09,21.17
NTC,Telecom,1332579610,52.43,23.8
NABIL,Banking,1342164950,35.83,20.98
NTC,Telecom,1636426455,30.28,12.99
HBL,Banking,2463270434,35.35,14.01
HBL,Banking,1779270520,52.67,16.67
NABIL,Banking,2492895042,43.58,20.03
NTC,Telecom,1287636736,30.91,24.9
NTC,Telecom,1646822715,49.23,15.23
HBL,Banking,1211716137,43.54,15.61
NABIL,Banking,2266635647,39.37,14.6
HBL,Banking,1753123587,49.06,10.08
NTC,Telecom,1625608834,34.64,22.18
NABIL,Banking,1443411274,38.77,17.65
NABIL,Banking,2201071996,52.56,22.56
NABIL,Banking,1461011146,36.45,17.15
HBL,Banking,2337505118,56.1,17.31
NICA,Banking,1781714133,58.88,16.09
NTC,Telecom,1356323573,51.3,22.21
SCB,Banking,2192692806,30.24,14.56
NICA,Banking,2307836140,38.35,16.08
NTC,Telecom,1561526157,49.74,22.25
SCB,Banking,1826234852,49.47,23.34
SCB,Banking,2342900911,34.63,24.59
NABIL,Banking,1242040648,31.31,23.47
SCB,Banking,1810775199,46.94,14.66
SCB,Banking,2160780277,40.87,10.92
NABIL,Banking,1354223919,36.41,22.82
NTC,Telecom,1569356946,46.82,19.87
NTC,Telecom,2498026140,32.13,22.3
NICA,Banking,2170261952,35.38,23.13
NICA,Banking,2015384467,49.25,14.71
NICA,Banking,1739155161,59.53,15.17
HBL,Banking,2248365693,53.97,21.88
NTC,Telecom,1477430194,55.38,20.35
HBL,Banking,1634046221,56.44,11.13
NABIL,Banking,2289513564,37.79,24.24
NABIL,Banking,1562464645,43.14,13.33
SCB,Banking,1836656910,53.22,24.65
NTC,Telecom,1979376003,48.74,24.69
NICA,Banking,1414570529,55.32,22.51
NICA,Banking,1433899748,57.07,22.36
NABIL,Banking,2422306252,47.43,19.71
HBL,Banking,2232631628,48.7,23.94
NICA,Banking,1536400327,53.93,21.55
NICA,Banking,2375579704,59.48,15.05
NICA,Banking,1690463254,38.58,22.15
NICA,Banking,1496415607,30.71,22.3
SCB,Banking,1232838887,55.21,19.07
NTC,Telecom,1714459700,34.62,10.36
NABIL,Banking,1562011978,49.05,15.5
NABIL,Banking,1393218038,56.14,12.57
NABIL,Banking,1470212202,43.1,23.5
NABIL,Banking,1645221522,49.09,19.53
NTC,Telecom,2222474792,46.67,21.6
SCB,Banking,2241588955,37.24,22.4
HBL,Banking,2457770305,38.21,13.52
HBL,Banking,2140255579,31.3,20.57
HBL,Banking,1964680205,38.7,16.02
NTC,Telecom,2131314075,41.46,10.24
NABIL,Banking,2164316323,54.55,22.39
HBL,Banking,2272795585,45.46,10.57
NICA,Banking,1741003813,54.23,21.0
SCB,Banking,1342839659,40.5,24.54
NABIL,Banking,1261898014,58.17,17.54
NICA,Banking,1794549301,49.69,23.07
NABIL,Banking,2446635865,46.49,16.29
NABIL,Banking,1820723192,49.53,17.41
HBL,Banking,1375916611,51.57,17.04
HBL,Banking,2353222258,56.46,20.29
HBL,Banking,2135552992,51.29,14.37
NTC,Telecom,1745765935,54.55,16.0
NABIL,Banking,2472440877,58.96,14.31
NABIL,Banking,1803501311,37.78,23.52
SCB,Banking,2346138487,44.42,10.5
HBL,Banking,1729613679,31.27,13.41
NTC,Telecom,1473037920,40.44,22.47
NABIL,Banking,2171085288,35.63,16.86
HBL,Banking,2258125665,51.48,14.72
SCB,Banking,2030723667,53.05,19.83
HBL,Banking,2426192096,30.86,16.76
NTC,Telecom,2433694770,50.8,14.29
NABIL,Banking,1398793284,35.37,17.25
NABIL,Banking,2361076254,45.69,21.43
NTC,Telecom,2035379392,47.37,12.41
SCB,Banking,1539984562,57.52,12.31
HBL,Banking,1839707870,40.51,18.91
NABIL,Banking,2497197594,50.85,13.43
NTC,Telecom,1278551237,47.39,16.64
HBL,Banking,2223791508,33.18,17.77
HBL,Banking,2322568472,56.17,22.03
SCB,Banking,1496399080,49.23,20.33
NICA,Banking,1826531918,42.72,18.11
HBL,Banking,1534182230,43.12,12.35
NTC,Telecom,2306846380,54.01,10.74
NABIL,Banking,2220222525,45.06,18.48
NABIL,Banking,2144094892,47.65,17.96
NICA,Banking,1302836140,31.41,17.32
HBL,Banking,1627916036,34.54,22.59
NICA,Banking,1233155506,51.25,21.66
NTC,Telecom,2208831358,40.87,16.46
HBL,Banking,1968387606,48.69,15.72
NICA,Banking,1777012381,36.99,20.43
NTC,Telecom,1718285438,59.41,24.28
HBL,Banking,2139951234,30.5,11.45
SCB,Banking,2111698903,51.72,12.76
NABIL,Banking,1838683181,55.91,11.56
NICA,Banking,1884701546,46.88,10.63
NICA,Banking,1655702557,56.6,21.57
NTC,Telecom,2367564863,33.58,10.61
SCB,Banking,1751338288,56.35,13.12
NICA,Banking,1988296892,39.42,20.73
NTC,Telecom,2435789484,40.01,20.67
NABIL,Banking,2115899557,49.99,10.03
NABIL,Banking,2400179388,46.37,14.79
NTC,Telecom,1578649728,59.43,15.07
HBL,Banking,1677253816,56.65,24.51
NICA,Banking,1764536941,42.66,20.7
NTC,Telecom,2383632641,59.16,24.25
NTC,Telecom,2140523628,46.64,21.23
NABIL,Banking,1437512547,43.06,10.01
NABIL,Banking,1367541858,56.87,17.31
NTC,Telecom,1599820682,57.95,12.08
SCB,Banking,1959267193,30.21,18.76
HBL,Banking,2262585023,53.98,24.99
SCB,Banking,1555134272,45.15,20.8
HBL,Banking,2147286780,31.35,12.79
NICA,Banking,2271755049,53.04,10.23
NABIL,Banking,1904196286,31.9,18.06
NABIL,Banking,1720498283,54.31,15.04
HBL,Banking,2216409424,53.54,10.67
NTC,Telecom,1616238145,37.47,23.35
NABIL,Banking,1207536267,52.35,12.47
NTC,Telecom,1887066178,37.69,14.48
SCB,Banking,1992615684,31.0,15.29
SCB,Banking,1297450440,44.49,15.7
NICA,Banking,1903109778,42.79,15.36
NTC,Telecom,1521853604,44.49,10.58
NABIL,Banking,2372413564,55.55,23.44
SCB,Banking,1434796790,54.13,24.59
NTC,Telecom,1350012799,47.77,13.02
SCB,Banking,1962101745,37.8,16.18
NTC,Telecom,1651698258,32.32,18.63
HBL,Banking,2131693433,42.01,16.3
NABIL,Banking,2155315174,54.62,14.22
NICA,Banking,1290818783,54.48,19.83
NTC,Telecom,1891461939,39.72,10.38
HBL,Banking,1767432157,49.57,22.46
NTC,Telecom,2317814049,32.67,21.87
NICA,Banking,1692110296,37.67,13.52
SCB,Banking,2464152450,50.55,18.26
NTC,Telecom,2197760692,52.23,11.35
HBL,Banking,1686654581,34.62,16.75
NTC,Telecom,1338165108,53.97,10.45
NTC,Telecom,2278099653,42.22,13.14
SCB,Banking,1245904528,42.65,15.28
NTC,Telecom,2370616731,38.4,11.67
NABIL,Banking,1561194477,57.65,17.46
HBL,Banking,1997720062,42.34,20.3
NICA,Banking,1457151721,37.37,17.02
NICA,Banking,2114385977,46.76,18.91
HBL,Banking,1855482336,33.7,11.45
NABIL,Banking,1733953232,55.78,22.17
NABIL,Banking,1544140844,49.78,10.89
HBL,Banking,1636663796,54.43,24.15
NTC,Telecom,2365799514,35.41,16.51
NICA,Banking,1854237558,35.65,11.2
NABIL,Banking,1278673093,59.53,14.49
NABIL,Banking,2355865502,38.29,11.75
HBL,Banking,1860040930,35.84,14.84
NTC,Telecom,1449345223,53.67,12.0
NTC,Telecom,2259387240,49.86,20.4
NICA,Banking,2136335774,43.9,11.19
NTC,Telecom,1631465764,45.21,22.39
NTC,Telecom,2051303443,43.83,12.59
NTC,Telecom,1317124338,50.74,15.74
SCB,Banking,2136204128,58.77,23.7
NTC,Telecom,1563760205,35.45,17.3
NABIL,Banking,2268415089,30.97,20.59
NTC,Telecom,2045308700,47.21,23.61
NTC,Telecom,1668453951,30.22,19.56
SCB,Banking,1285091913,56.26,21.53
NTC,Telecom,1710531465,51.52,13.29
NABIL,Banking,1663839766,32.78,16.42
NABIL,Banking,2086943988,46.43,19.31
NABIL,Banking,2409977167,50.05,14.94
NICA,Banking,1234098696,33.15,17.06
NABIL,Banking,1448174403,51.89,21.46
HBL,Banking,1261509183,54.17,24.95
NICA,Banking,2341446680,52.73,24.58
NABIL,Banking,2383770987,32.97,24.89
SCB,Banking,1683909369,39.85,15.22
NABIL,Banking,1264143653,44.29,18.71
SCB,Banking,1782357797,32.41,11.19
NTC,Telecom,2295280474,41.62,23.01
HBL,Banking,1879279098,53.68,23.36
NABIL,Banking,2488164230,53.13,24.59
SCB,Banking,2435980620,41.8,11.59
NTC,Telecom,1599598123,39.0,10.53
NICA,Banking,1276286581,47.47,16.1
SCB,Banking,1554727409,30.63,18.35
NABIL,Banking,1904784097,40.68,24.29
NABIL,Banking,2304089668,49.26,15.99
NTC,Telecom,2179563851,53.14,20.91
NABIL,Banking,2495235547,33.9,21.53
NICA,Banking,2481481967,37.55,23.73
SCB,Banking,1723699988,54.85,24.03
SCB,Banking,2212602083,57.54,21.23
SCB,Banking,1732106016,36.39,12.46
NTC,Telecom,1649403380,58.45,14.21
NICA,Banking,2319744255,30.32,16.23
NABIL,Banking,1432177446,32.76,16.95
HBL,Banking,1367714917,39.53,22.2
NTC,Telecom,2362047772,39.32,20.08
NICA,Banking,2009716682,48.42,15.69
NICA,Banking,2229483266,56.94,15.04
NTC,Telecom,1411016332,42.31,17.03
SCB,Banking,1411803592,58.91,24.45
SCB,Banking,2481456898,39.26,19.74
SCB,Banking,2125599132,53.35,18.44
SCB,Banking,2210350080,48.47,14.93
NABIL,Banking,2268930347,32.06,23.68
NABIL,Banking,1688638488,41.77,12.34
NABIL,Banking,1216698285,42.96,23.44
NTC,Telecom,1430585413,53.53,12.86
NTC,Telecom,2324890529,36.4,20.29
NABIL,Banking,1909604462,47.65,16.46
SCB,Banking,1602289414,57.56,19.95
HBL,Banking,1488308328,52.56,10.28
HBL,Banking,2101576715,38.52,19.57
NTC,Telecom,2459922342,34.34,18.92
NTC,Telecom,2001116790,39.84,15.81
HBL,Banking,1546570646,50.43,17.19
NABIL,Banking,1291520988,56.39,17.17
NICA,Banking,1733193267,57.25,20.35
NTC,Telecom,2476920320,36.28,22.72
SCB,Banking,1833722255,36.74,22.86
SCB,Banking,1897752146,58.8,19.69
NTC,Telecom,2088163050,37.66,15.96
HBL,Banking,2263194720,59.65,22.72
HBL,Banking,2330837737,57.27,23.49
NICA,Banking,2390964128,49.88,18.13
SCB,Banking,2275158224,52.8,19.92
NICA,Banking,2295194479,32.43,14.01
SCB,Banking,2221535217,59.95,18.8
NTC,Telecom,2215490081,46.75,17.39
NTC,Telecom,2071560874,47.15,13.12
NICA,Banking,2199534826,36.94,16.54
HBL,Banking,2009345445,58.35,24.05
SCB,Banking,2476397327,46.18,23.94
NTC,Telecom,1760434299,41.98,23.02
NTC,Telecom,2255593877,50.2,24.12
NTC,Telecom,1920224483,59.22,22.17
SCB,Banking,2352253393,55.33,15.83
NTC,Telecom,1339170435,55.4,12.06
NTC,Telecom,1742304099,47.83,12.7
NICA,Banking,1805005691,32.79,20.59
NTC,Telecom,1899978796,41.29,12.68
NICA,Banking,1383317417,45.78,11.15
HBL,Banking,2094977514,38.03,14.85
HBL,Banking,2284165141,32.76,15.3
NICA,Banking,1219674357,36.16,10.64
HBL,Banking,1795468078,45.61,18.28
NTC,Telecom,1744110898,37.17,14.09
NICA,Banking,1231939583,59.43,14.97
HBL,Banking,1535099751,55.79,16.05
HBL,Banking,1871239516,49.28,19.42
NTC,Telecom,1275787447,30.47,21.07
HBL,Banking,2430799928,54.75,16.11
NICA,Banking,2129768757,53.52,23.08
HBL,Banking,1528006660,43.68,20.62
HBL,Banking,1229633125,42.41,11.15
NTC,Telecom,1896428957,50.73,16.6
NTC,Telecom,2448933430,37.95,21.16
HBL,Banking,1470089837,44.02,12.07
NTC,Telecom,2039245638,44.45,11.5
SCB,Banking,2306268016,41.39,11.04
HBL,Banking,2009812794,37.3,12.4
SCB,Banking,1701529579,49.11,21.62
NABIL,Banking,1277298929,37.57,18.58
NICA,Banking,1251625267,39.92,18.85
NICA,Banking,1914263722,36.56,20.63
NICA,Banking,1355003991,36.13,12.07
NTC,Telecom,1220572590,33.37,13.8
HBL,Banking,1485223498,47.94,17.84
SCB,Banking,1927476947,57.13,16.44
HBL,Banking,1904375755,49.05,12.17
NICA,Banking,2236945132,34.35,10.44
NICA,Banking,1308665376,38.96,22.96
SCB,Banking,2369059265,55.75,13.0
NTC,Telecom,1381570700,57.69,10.57
NTC,Telecom,1742889766,32.13,15.86
HBL,Banking,1270044895,35.28,13.52
NICA,Banking,2416795960,32.56,24.14
HBL,Banking,2403201553,43.75,24.1
NABIL,Banking,2413860665,45.7,12.75
NABIL,Banking,1395620531,30.99,24.38
NABIL,Banking,2053301204,32.57,23.66
NABIL,Banking,1474374590,43.93,17.93
NABIL,Banking,2074900541,55.92,21.33
NABIL,Banking,2134235929,42.71,13.57
NABIL,Banking,1318845636,46.62,15.54
NTC,Telecom,1605149149,48.26,19.69
SCB,Banking,1997751073,55.99,23.98
HBL,Banking,2016133955,31.62,22.42
NABIL,Banking,1515729403,56.0,14.52
SCB,Banking,1798983590,52.84,15.28
HBL,Banking,1256398509,35.57,15.73
NTC,Telecom,1332719685,53.42,13.74
NICA,Banking,1293852855,45.19,14.45
NICA,Banking,2412975602,37.61,12.87
NABIL,Banking,1254564905,54.39,13.89
SCB,Banking,2130788376,50.02,18.7
NABIL,Banking,2272337244,42.48,10.33
NABIL,Banking,1514185073,50.87,24.32
NABIL,Banking,1696269842,31.02,21.86
SCB,Banking,1852368670,52.52,13.49
SCB,Banking,1531449364,43.91,12.55
NTC,Telecom,1427219536,52.89,22.48
SCB,Banking,2484614943,57.09,13.94
SCB,Banking,2203830879,37.32,16.96
NTC,Telecom,1344370838,47.35,19.8
NICA,Banking,1622422412,59.63,24.07
NABIL,Banking,1554682496,41.14,21.45
NICA,Banking,2136813424,51.9,19.29
NTC,Telecom,1927103025,53.84,19.35
NICA,Banking,2331825856,35.09,12.61
SCB,Banking,1886583930,55.99,10.21
HBL,Banking,1834216271,56.11,11.86
HBL,Banking,2008604867,47.77,23.65
NTC,Telecom,1204872330,37.36,15.42
NICA,Banking,2008239096,44.4,11.16
NICA,Banking,1637362743,49.45,11.2
NICA,Banking,2045296076,46.19,19.86
SCB,Banking,1701593187,43.58,14.07
NTC,Telecom,1534413369,34.71,10.08
NICA,Banking,1713279614,35.57,21.89
NICA,Banking,1999820777,54.68,15.25
HBL,Banking,1849595215,52.97,10.28
NABIL,Banking,1511297941,49.36,16.37
NICA,Banking,1948826987,38.16,20.49
NTC,Telecom,2330850096,41.26,10.92
HBL,Banking,1911786065,58.25,13.26
NICA,Banking,2436827013,42.55,21.91
NICA,Banking,2135442185,46.06,24.0
NTC,Telecom,2359756674,38.93,14.42
NABIL,Banking,2121285660,39.14,15.78
SCB,Banking,1213753182,35.47,20.26
NICA,Banking,1411643267,38.81,14.72
NTC,Telecom,2376302775,39.76,17.72
SCB,Banking,2491373506,39.62,13.29
NTC,Telecom,1221264445,58.31,10.82
NTC,Telecom,1858851810,33.09,15.76
HBL,Banking,2282573870,41.72,22.38
NICA,Banking,2021904645,50.3,24.92
SCB,Banking,2082597043,58.4,24.94
SCB,Banking,1779801421,35.75,11.09
NABIL,Banking,2046492381,39.52,14.54
NICA,Banking,2047644339,53.0,10.66
HBL,Banking,2252464419,52.21,12.21
NTC,Telecom,2045375428,43.16,11.28
NTC,Telecom,1687748363,30.26,16.26
HBL,Banking,1693768381,54.74,23.9
SCB,Banking,1420128581,57.82,15.29
NICA,Banking,1610364789,58.17,10.9
NTC,Telecom,1868017236,41.48,19.62
NABIL,Banking,1695513599,41.74,20.71
HBL,Banking,2120740676,42.76,13.48
NABIL,Banking,2498575409,57.09,20.86
SCB,Banking,2208626892,58.74,22.78
NABIL,Banking,1542999077,37.76,16.63
NICA,Banking,2415580962,46.97,24.34
HBL,Banking,2073804900,40.67,12.34
HBL,Banking,2151510160,30.14,22.79
NICA,Banking,1633907149,57.89,19.11
NABIL,Banking,1768325738,34.52,12.06
NABIL,Banking,1649903224,56.26,17.58
HBL,Banking,1987092294,40.37,14.98
SCB,Banking,2000161693,34.0,14.34
NABIL,Banking,1668168775,30.99,19.94
NTC,Telecom,2262821623,46.22,24.26
HBL,Banking,1589979579,39.89,15.76
NICA,Banking,2259190126,56.98,22.71
SCB,Banking,2383504615,32.44,12.81
NABIL,Banking,1822046262,40.83,19.5
HBL,Banking,2359960073,31.78,23.42
NTC,Telecom,1995628463,43.58,17.41
SCB,Banking,1579912100,43.27,18.6
HBL,Banking,1451927567,42.01,16.92
NTC,Telecom,1286517703,53.6,23.1
NTC,Telecom,2416139915,57.7,10.46
NICA,Banking,2206080798,34.54,18.36
NABIL,Banking,1522208112,50.56,22.56
HBL,Banking,1394375160,43.67,21.74
SCB,Banking,1615916606,36.71,12.54
SCB,Banking,1775290121,36.16,20.2
NABIL,Banking,1824944002,41.5,16.06
NABIL,Banking,1862811577,41.27,18.82
HBL,Banking,1691145987,38.89,10.93
HBL,Banking,1677936029,34.42,12.02
SCB,Banking,1576530902,57.76,10.61
HBL,Banking,2426205523,42.13,20.37
HBL,Banking,1492457735,54.5,16.04
NTC,Telecom,1271990734,47.58,17.84
NICA,Banking,1686851861,38.91,23.98
NABIL,Banking,1352223233,53.18,20.3
NABIL,Banking,2303737228,56.35,15.13
HBL,Banking,2081149089,57.7,18.15
NABIL,Banking,1369445928,35.2,24.41
SCB,Banking,2394211145,58.59,16.38
HBL,Banking,1578488540,51.63,11.55
HBL,Banking,2337682816,36.37,15.49
NTC,Telecom,2362931293,48.86,16.0
NICA,Banking,2199567572,34.53,21.04
SCB,Banking,1525546676,43.28,14.34
NTC,Telecom,2003019616,55.24,15.97
NTC,Telecom,2259259099,55.75,14.18
NABIL,Banking,2064990851,44.81,24.65
SCB,Banking,1674691084,36.68,16.65
NABIL,Banking,1751896819,39.09,19.43
NICA,Banking,1331523976,55.37,18.11
NABIL,Banking,2124614970,54.5,17.61
NTC,Telecom,1777344716,30.59,19.51
HBL,Banking,1480621941,44.45,21.64
HBL,Banking,1599319802,42.26,16.13
NABIL,Banking,2073465015,35.33,23.87
NTC,Telecom,2368598261,48.43,19.99
HBL,Banking,1548628652,32.13,13.9
SCB,Banking,1787776390,40.46,19.49
NICA,Banking,1230155734,41.7,24.28
SCB,Banking,1985078475,35.15,19.34
SCB,Banking,2367322219,59.61,18.5
HBL,Banking,2490665375,30.25,17.07
NTC,Telecom,1880123721,49.89,18.24
HBL,Banking,2174526225,45.2,14.98
NTC,Telecom,2345109200,51.71,19.86
NICA,Banking,1897883741,49.36,16.19
NABIL,Banking,1461549882,36.94,21.45
